job_title,role_category,company,region,salary_midpoint,work_arrangement
Business Analyst,Business Analyst,Lloyds Banking Group,London,50000.0,Office-based
Data Analyst,Data Analyst,HSBC,London,47000.0,Office-based
Senior Business Analyst,Business Analyst,Barclays,London,63000.0,Office-based
Data Analyst,Data Analyst,NHS Digital,North West / Yorkshire,38500.0,Office-based
Business Analyst,Business Analyst,Tesco,Other UK,42000.0,Office-based
Data Analyst,Data Analyst,Revolut,London,55000.0,Office-based
Business Analyst,Business Analyst,Capita,Midlands,40000.0,Office-based
Senior Data Analyst,Data Analyst,Sky,Other UK,60000.0,Office-based
Business Analyst,Business Analyst,Sainsburys,London,44000.0,Office-based
Data Analyst,Data Analyst,Deloitte,London,49000.0,Office-based
Business Analyst,Business Analyst,BT Group,North West / Yorkshire,41000.0,Office-based
Data Analyst,Data Analyst,Monzo,London,57000.0,Office-based
Business Analyst,Business Analyst,KPMG,London,51000.0,Office-based
Data Analyst,Data Analyst,EY,North West / Yorkshire,43000.0,Office-based
Business Analyst,Business Analyst,Aviva,Other UK,43000.0,Office-based
Senior Business Analyst,Business Analyst,Goldman Sachs,London,77500.0,Office-based
Data Analyst,Data Analyst,Boots,Midlands,38000.0,Office-based
Business Analyst,Business Analyst,Virgin Media,Other UK,45000.0,Office-based
Data Analyst,Data Analyst,Rolls Royce,Other UK,45000.0,Office-based
Business Analyst,Business Analyst,PwC,London,53000.0,Office-based
Data Analyst,Data Analyst,Spotify,London,59000.0,Office-based
Business Analyst,Business Analyst,John Lewis,London,42000.0,Office-based
Senior Data Analyst,Data Analyst,NatWest,Scotland,55000.0,Office-based
Business Analyst,Business Analyst,Accenture,London,50000.0,Office-based
Data Analyst,Data Analyst,Amazon,London,61500.0,Office-based
